LONGITUDE,LATITUDE,FLT_PLAN_ID
-95.33333333,29.98333333,FP_00001
-92.75,33.25,FP_00001
-89.98333333,35.01666667,FP_00001
-84.05,36.95,FP_00001
-81.11666667,37.78333333,FP_00001
-78.15,38.01666667,FP_00001
-76.06666667,39.05,FP_00001
-74.11666667,40.55,FP_00001
-73.76666667,40.63333333,FP_00001
-72.9,41.23333333,FP_00001
-71.11666667,41.85,FP_00001
-71.0,42.36666667,FP_00001
-95.33333333,29.98333333,FP_00002
-94.65,31.25,FP_00002
-92.18333333,34.68333333,FP_00002
-87.76666667,37.93333333,FP_00002
-83.61666667,40.53333333,FP_00002
-82.16666667,41.35,FP_00002
-79.11666667,42.18333333,FP_00002
-73.8,42.75,FP_00002
-71.03333333,42.45,FP_00002
-70.95,42.26666667,FP_00002
-71.0,42.36666667,FP_00002
-95.33333333,29.98333333,FP_00003
-90.95,30.11666667,FP_00003
-88.36666667,30.73333333,FP_00003
-86.31666667,32.21666667,FP_00003
-83.31666667,33.95,FP_00003
-82.15,34.25,FP_00003
-77.01666667,36.71666667,FP_00003
-75.51666667,38.35,FP_00003
-75.11666667,39.3,FP_00003
-73.53333333,40.8,FP_00003
-72.9,41.23333333,FP_00003
-71.11666667,41.85,FP_00003
-71.0,42.36666667,FP_00003
-95.33333333,29.98333333,FP_00004
-94.65,31.25,FP_00004
-92.18333333,34.68333333,FP_00004
-87.76666667,37.93333333,FP_00004
-83.61666667,40.53333333,FP_00004
-82.16666667,41.35,FP_00004
-79.11666667,42.18333333,FP_00004
-73.8,42.75,FP_00004
-71.03333333,42.45,FP_00004
-70.95,42.26666667,FP_00004
-71.0,42.36666667,FP_00004
-95.33333333,29.98333333,FP_00005
-94.65,31.25,FP_00005
-92.18333333,34.68333333,FP_00005
-87.76666667,37.93333333,FP_00005
-84.05,40.28333333,FP_00005
-79.11666667,42.18333333,FP_00005
-73.8,42.75,FP_00005
-71.03333333,42.45,FP_00005
-70.95,42.26666667,FP_00005
-71.0,42.36666667,FP_00005
-95.33333333,29.98333333,FP_00006
-93.1,30.13333333,FP_00006
-91.3,30.48333333,FP_00006
-88.8,32.38333333,FP_00006
-86.95,33.23333333,FP_00006
-84.43333333,33.63333333,FP_00006
-82.15,34.25,FP_00006
-77.01666667,36.71666667,FP_00006
-75.51666667,38.35,FP_00006
-75.11666667,39.3,FP_00006
-73.53333333,40.8,FP_00006
-72.9,41.23333333,FP_00006
-71.11666667,41.85,FP_00006
-71.0,42.36666667,FP_00006
-95.33333333,29.98333333,FP_00007
-90.95,30.11666667,FP_00007
-88.36666667,30.73333333,FP_00007
-86.31666667,32.21666667,FP_00007
-83.31666667,33.95,FP_00007
-82.15,34.25,FP_00007
-78.78333333,35.86666667,FP_00007
-76.66666667,38.1,FP_00007
-75.78333333,38.95,FP_00007
-74.9,39.91666667,FP_00007
-74.11666667,40.55,FP_00007
-73.76666667,40.63333333,FP_00007
-72.9,41.23333333,FP_00007
-71.11666667,41.85,FP_00007
-71.0,42.36666667,FP_00007
-95.33333333,29.98333333,FP_00008
-90.95,30.11666667,FP_00008
-88.36666667,30.73333333,FP_00008
-84.16666667,33.65,FP_00008
-82.15,34.25,FP_00008
-77.01666667,36.71666667,FP_00008
-75.51666667,38.35,FP_00008
-75.11666667,39.3,FP_00008
-73.76666667,40.63333333,FP_00008
-71.0,42.36666667,FP_00008
-95.33333333,29.98333333,FP_00009
-93.1,30.13333333,FP_00009
-88.48333333,31.1,FP_00009
-77.01666667,36.71666667,FP_00009
-75.51666667,38.35,FP_00009
-75.11666667,39.3,FP_00009
-73.53333333,40.8,FP_00009
-72.9,41.23333333,FP_00009
-71.11666667,41.85,FP_00009
-71.0,42.36666667,FP_00009
-95.33333333,29.98333333,FP_00010
-90.95,30.11666667,FP_00010
-88.36666667,30.73333333,FP_00010
-86.9,33.66666667,FP_00010
-83.9,35.9,FP_00010
-81.11666667,37.78333333,FP_00010
-78.15,38.01666667,FP_00010
-76.06666667,39.05,FP_00010
-74.11666667,40.55,FP_00010
-73.76666667,40.63333333,FP_00010
-72.9,41.23333333,FP_00010
-71.11666667,41.85,FP_00010
-71.0,42.36666667,FP_00010
-95.33333333,29.98333333,FP_00011
-92.75,33.25,FP_00011
-88.9,34.63333333,FP_00011
-86.68333333,36.13333333,FP_00011
-80.7,39.56666667,FP_00011
-76.6,41.53333333,FP_00011
-73.8,42.75,FP_00011
-71.03333333,42.45,FP_00011
-70.95,42.26666667,FP_00011
-71.0,42.36666667,FP_00011
-95.33333333,29.98333333,FP_00012
-94.65,31.25,FP_00012
-92.18333333,34.68333333,FP_00012
-87.76666667,37.93333333,FP_00012
-83.61666667,40.53333333,FP_00012
-82.16666667,41.35,FP_00012
-79.11666667,42.18333333,FP_00012
-73.8,42.75,FP_00012
-70.96666667,42.43333333,FP_00012
-71.0,42.36666667,FP_00012
-95.33333333,29.98333333,FP_00013
-90.95,30.11666667,FP_00013
-88.36666667,30.73333333,FP_00013
-86.31666667,32.21666667,FP_00013
-77.01666667,36.71666667,FP_00013
-75.51666667,38.35,FP_00013
-75.11666667,39.3,FP_00013
-73.53333333,40.8,FP_00013
-72.9,41.23333333,FP_00013
-71.11666667,41.85,FP_00013
-71.0,42.36666667,FP_00013
-95.33333333,29.98333333,FP_00014
-92.75,33.25,FP_00014
-90.28333333,33.46666667,FP_00014
-79.1,37.9,FP_00014
-78.15,38.01666667,FP_00014
-76.06666667,39.05,FP_00014
-74.11666667,40.55,FP_00014
-73.76666667,40.63333333,FP_00014
-72.9,41.23333333,FP_00014
-71.11666667,41.85,FP_00014
-71.0,42.36666667,FP_00014
-95.33333333,29.98333333,FP_00015
-94.65,31.25,FP_00015
-92.18333333,34.68333333,FP_00015
-89.56666667,37.23333333,FP_00015
-86.36666667,39.81666667,FP_00015
-79.26666667,42.48333333,FP_00015
-78.65,42.93333333,FP_00015
-73.8,42.75,FP_00015
-71.03333333,42.45,FP_00015
-70.95,42.26666667,FP_00015
-71.0,42.36666667,FP_00015
-95.33333333,29.98333333,FP_00016
-94.41666667,31.18333333,FP_00016
-92.5,31.25,FP_00016
-88.8,32.38333333,FP_00016
-86.9,33.66666667,FP_00016
-79.1,37.9,FP_00016
-78.15,38.01666667,FP_00016
-76.06666667,39.05,FP_00016
-74.11666667,40.55,FP_00016
-73.76666667,40.63333333,FP_00016
-72.9,41.23333333,FP_00016
-71.11666667,41.85,FP_00016
-71.0,42.36666667,FP_00016
-95.33333333,29.98333333,FP_00017
-93.1,30.13333333,FP_00017
-91.3,30.48333333,FP_00017
-87.56666667,33.23333333,FP_00017
-79.1,37.9,FP_00017
-78.15,38.01666667,FP_00017
-76.06666667,39.05,FP_00017
-74.11666667,40.55,FP_00017
-73.76666667,40.63333333,FP_00017
-72.9,41.23333333,FP_00017
-71.11666667,41.85,FP_00017
-71.0,42.36666667,FP_00017
-95.33333333,29.98333333,FP_00018
-95.96666667,31.11666667,FP_00018
-96.21666667,32.18333333,FP_00018
-96.23333333,33.53333333,FP_00018
-95.78333333,36.2,FP_00018
-94.48333333,38.26666667,FP_00018
-92.6,40.13333333,FP_00018
-90.63333333,41.31666667,FP_00018
-88.31666667,41.55,FP_00018
-86.11666667,42.15,FP_00018
-83.6,42.41666667,FP_00018
-79.11666667,42.18333333,FP_00018
-73.8,42.75,FP_00018
-71.03333333,42.45,FP_00018
-70.95,42.26666667,FP_00018
-71.0,42.36666667,FP_00018
-95.33333333,29.98333333,FP_00019
-90.95,30.11666667,FP_00019
-88.36666667,30.73333333,FP_00019
-81.11666667,37.78333333,FP_00019
-78.15,38.01666667,FP_00019
-76.06666667,39.05,FP_00019
-74.11666667,40.55,FP_00019
-73.76666667,40.63333333,FP_00019
-72.9,41.23333333,FP_00019
-71.11666667,41.85,FP_00019
-71.0,42.36666667,FP_00019
-95.33333333,29.98333333,FP_00020
-90.95,30.11666667,FP_00020
-88.36666667,30.73333333,FP_00020
-86.68333333,30.83333333,FP_00020
-82.5,31.53333333,FP_00020
-81.2,32.15,FP_00020
-80.03333333,32.9,FP_00020
-76.2,36.9,FP_00020
-75.11666667,39.3,FP_00020
-73.53333333,40.8,FP_00020
-72.9,41.23333333,FP_00020
-71.11666667,41.85,FP_00020
-71.0,42.36666667,FP_00020
-95.33333333,29.98333333,FP_00021
-92.75,33.25,FP_00021
-89.98333333,35.01666667,FP_00021
-86.45,36.93333333,FP_00021
-84.31666667,38.65,FP_00021
-80.21666667,40.81666667,FP_00021
-78.65,42.93333333,FP_00021
-73.8,42.75,FP_00021
-71.03333333,42.45,FP_00021
-70.95,42.26666667,FP_00021
-71.0,42.36666667,FP_00021
-95.33333333,29.98333333,FP_00022
-90.95,30.11666667,FP_00022
-88.36666667,30.73333333,FP_00022
-86.31666667,32.21666667,FP_00022
-83.31666667,33.95,FP_00022
-82.15,34.25,FP_00022
-77.01666667,36.71666667,FP_00022
-75.51666667,38.35,FP_00022
-75.11666667,39.3,FP_00022
-73.53333333,40.8,FP_00022
-72.78333333,41.3,FP_00022
-71.11666667,41.85,FP_00022
-71.0,42.36666667,FP_00022
-95.33333333,29.98333333,FP_00023
-96.38333333,32.18333333,FP_00023
-97.18333333,32.88333333,FP_00023
-95.78333333,34.85,FP_00023
-94.11666667,36.25,FP_00023
-90.48333333,38.86666667,FP_00023
-84.05,40.28333333,FP_00023
-82.16666667,41.35,FP_00023
-79.11666667,42.18333333,FP_00023
-73.8,42.75,FP_00023
-71.03333333,42.45,FP_00023
-70.95,42.26666667,FP_00023
-71.0,42.36666667,FP_00023
-95.33333333,29.98333333,FP_00024
-94.35,29.0,FP_00024
-91.23333333,28.98333333,FP_00024
-90.1,29.18333333,FP_00024
-87.58333333,31.3,FP_00024
-86.31666667,32.21666667,FP_00024
-83.31666667,33.95,FP_00024
-82.15,34.25,FP_00024
-77.01666667,36.71666667,FP_00024
-75.51666667,38.35,FP_00024
-75.11666667,39.3,FP_00024
-73.53333333,40.8,FP_00024
-72.9,41.23333333,FP_00024
-71.11666667,41.85,FP_00024
-71.0,42.36666667,FP_00024
-95.33333333,29.98333333,FP_00025
-93.1,30.13333333,FP_00025
-91.3,30.48333333,FP_00025
-88.36666667,30.73333333,FP_00025
-86.31666667,32.21666667,FP_00025
-77.01666667,36.71666667,FP_00025
-75.51666667,38.35,FP_00025
-75.11666667,39.3,FP_00025
-73.53333333,40.8,FP_00025
-72.9,41.23333333,FP_00025
-71.11666667,41.85,FP_00025
-71.0,42.36666667,FP_00025
-95.33333333,29.98333333,FP_00026
-93.1,30.13333333,FP_00026
-91.3,30.48333333,FP_00026
-89.6,31.28333333,FP_00026
-88.8,32.38333333,FP_00026
-83.9,35.9,FP_00026
-83.03333333,37.25,FP_00026
-81.11666667,37.78333333,FP_00026
-78.15,38.01666667,FP_00026
-76.06666667,39.05,FP_00026
-74.11666667,40.55,FP_00026
-73.76666667,40.63333333,FP_00026
-72.9,41.23333333,FP_00026
-71.11666667,41.85,FP_00026
-71.0,42.36666667,FP_00026
-95.33333333,29.98333333,FP_00027
-90.95,30.11666667,FP_00027
-88.36666667,30.73333333,FP_00027
-84.16666667,33.65,FP_00027
-82.15,34.25,FP_00027
-77.01666667,36.71666667,FP_00027
-75.51666667,38.35,FP_00027
-75.11666667,39.3,FP_00027
-73.53333333,40.8,FP_00027
-72.9,41.23333333,FP_00027
-71.11666667,41.85,FP_00027
-71.0,42.36666667,FP_00027
-95.33333333,29.98333333,FP_00028
-94.41666667,31.18333333,FP_00028
-92.5,31.25,FP_00028
-90.28333333,33.46666667,FP_00028
-79.1,37.9,FP_00028
-78.15,38.01666667,FP_00028
-76.06666667,39.05,FP_00028
-74.11666667,40.55,FP_00028
-73.76666667,40.63333333,FP_00028
-72.9,41.23333333,FP_00028
-71.11666667,41.85,FP_00028
-71.0,42.36666667,FP_00028
-95.33333333,29.98333333,FP_00029
-93.1,30.13333333,FP_00029
-88.48333333,31.1,FP_00029
-83.31666667,33.95,FP_00029
-83.3,34.7,FP_00029
-79.1,37.9,FP_00029
-78.15,38.01666667,FP_00029
-76.06666667,39.05,FP_00029
-74.11666667,40.55,FP_00029
-73.76666667,40.63333333,FP_00029
-72.9,41.23333333,FP_00029
-71.11666667,41.85,FP_00029
-71.0,42.36666667,FP_00029
-95.33333333,29.98333333,FP_00030
-90.95,30.11666667,FP_00030
-88.36666667,30.73333333,FP_00030
-86.31666667,32.21666667,FP_00030
-83.65,32.68333333,FP_00030
-80.03333333,32.9,FP_00030
-77.13333333,35.85,FP_00030
-76.2,36.9,FP_00030
-75.11666667,39.3,FP_00030
-73.53333333,40.8,FP_00030
-72.9,41.23333333,FP_00030
-71.11666667,41.85,FP_00030
-71.0,42.36666667,FP_00030
-95.33333333,29.98333333,FP_00031
-94.65,31.25,FP_00031
-92.18333333,34.68333333,FP_00031
-87.76666667,37.93333333,FP_00031
-83.61666667,40.53333333,FP_00031
-82.16666667,41.35,FP_00031
-79.26666667,42.48333333,FP_00031
-78.65,42.93333333,FP_00031
-73.8,42.75,FP_00031
-71.03333333,42.45,FP_00031
-70.95,42.26666667,FP_00031
-71.0,42.36666667,FP_00031
-95.33333333,29.98333333,FP_00032
-94.65,31.25,FP_00032
-92.18333333,34.68333333,FP_00032
-87.76666667,37.93333333,FP_00032
-83.61666667,40.53333333,FP_00032
-82.16666667,41.35,FP_00032
-79.26666667,42.48333333,FP_00032
-78.65,42.93333333,FP_00032
-73.8,42.75,FP_00032
-71.03333333,42.45,FP_00032
-70.95,42.26666667,FP_00032
-71.0,42.36666667,FP_00032
-95.33333333,29.98333333,FP_00033
-93.1,30.13333333,FP_00033
-91.3,30.48333333,FP_00033
-86.31666667,32.21666667,FP_00033
-83.31666667,33.95,FP_00033
-82.15,34.25,FP_00033
-77.01666667,36.71666667,FP_00033
-75.51666667,38.35,FP_00033
-75.11666667,39.3,FP_00033
-73.53333333,40.8,FP_00033
-72.9,41.23333333,FP_00033
-71.11666667,41.85,FP_00033
-71.0,42.36666667,FP_00033
-95.33333333,29.98333333,FP_00034
-93.1,30.13333333,FP_00034
-88.48333333,31.1,FP_00034
-86.31666667,32.21666667,FP_00034
-84.43333333,33.63333333,FP_00034
-80.71666667,37.08333333,FP_00034
-79.1,37.9,FP_00034
-78.15,38.01666667,FP_00034
-76.06666667,39.05,FP_00034
-74.11666667,40.55,FP_00034
-73.76666667,40.63333333,FP_00034
-72.9,41.23333333,FP_00034
-71.11666667,41.85,FP_00034
-71.0,42.36666667,FP_00034
-95.33333333,29.98333333,FP_00035
-95.96666667,31.11666667,FP_00035
-96.21666667,32.18333333,FP_00035
-96.23333333,33.53333333,FP_00035
-95.78333333,36.2,FP_00035
-93.33333333,37.35,FP_00035
-87.76666667,37.93333333,FP_00035
-83.61666667,40.53333333,FP_00035
-82.16666667,41.35,FP_00035
-79.11666667,42.18333333,FP_00035
-73.8,42.75,FP_00035
-70.96666667,42.43333333,FP_00035
-71.0,42.36666667,FP_00035
-95.33333333,29.98333333,FP_00036
-93.1,30.13333333,FP_00036
-91.3,30.48333333,FP_00036
-90.46666667,31.18333333,FP_00036
-84.43333333,33.63333333,FP_00036
-82.15,34.25,FP_00036
-77.01666667,36.71666667,FP_00036
-75.51666667,38.35,FP_00036
-75.11666667,39.3,FP_00036
-73.53333333,40.8,FP_00036
-72.9,41.23333333,FP_00036
-71.11666667,41.85,FP_00036
-71.0,42.36666667,FP_00036
-95.33333333,29.98333333,FP_00037
-94.65,31.25,FP_00037
-92.18333333,34.68333333,FP_00037
-87.76666667,37.93333333,FP_00037
-83.61666667,40.53333333,FP_00037
-82.16666667,41.35,FP_00037
-79.11666667,42.18333333,FP_00037
-73.8,42.75,FP_00037
-70.96666667,42.43333333,FP_00037
-71.0,42.36666667,FP_00037
-95.33333333,29.98333333,FP_00038
-93.1,30.13333333,FP_00038
-88.48333333,31.1,FP_00038
-80.95,35.18333333,FP_00038
-78.78333333,35.86666667,FP_00038
-77.01666667,36.71666667,FP_00038
-75.51666667,38.35,FP_00038
-75.11666667,39.3,FP_00038
-73.53333333,40.8,FP_00038
-72.9,41.23333333,FP_00038
-71.11666667,41.85,FP_00038
-71.0,42.36666667,FP_00038
-95.33333333,29.98333333,FP_00039
-90.95,30.11666667,FP_00039
-88.36666667,30.73333333,FP_00039
-86.68333333,30.83333333,FP_00039
-82.5,31.53333333,FP_00039
-81.2,32.15,FP_00039
-80.03333333,32.9,FP_00039
-77.13333333,35.85,FP_00039
-76.2,36.9,FP_00039
-75.11666667,39.3,FP_00039
-73.53333333,40.8,FP_00039
-72.78333333,41.3,FP_00039
-71.11666667,41.85,FP_00039
-71.0,42.36666667,FP_00039
-95.33333333,29.98333333,FP_00040
-92.75,33.25,FP_00040
-89.98333333,35.01666667,FP_00040
-84.05,36.95,FP_00040
-81.11666667,37.78333333,FP_00040
-78.15,38.01666667,FP_00040
-76.06666667,39.05,FP_00040
-74.11666667,40.55,FP_00040
-73.76666667,40.63333333,FP_00040
-72.78333333,41.3,FP_00040
-71.11666667,41.85,FP_00040
-71.0,42.36666667,FP_00040
-95.33333333,29.98333333,FP_00041
-93.1,30.13333333,FP_00041
-91.3,30.48333333,FP_00041
-87.56666667,33.23333333,FP_00041
-86.9,33.66666667,FP_00041
-84.43333333,33.63333333,FP_00041
-82.15,34.25,FP_00041
-77.01666667,36.71666667,FP_00041
-75.51666667,38.35,FP_00041
-75.11666667,39.3,FP_00041
-73.53333333,40.8,FP_00041
-72.78333333,41.3,FP_00041
-71.11666667,41.85,FP_00041
-71.0,42.36666667,FP_00041
-95.33333333,29.98333333,FP_00042
-94.41666667,31.18333333,FP_00042
-92.5,31.25,FP_00042
-90.16666667,32.5,FP_00042
-86.9,33.66666667,FP_00042
-79.1,37.9,FP_00042
-78.15,38.01666667,FP_00042
-76.06666667,39.05,FP_00042
-74.11666667,40.55,FP_00042
-73.76666667,40.63333333,FP_00042
-72.9,41.23333333,FP_00042
-71.11666667,41.85,FP_00042
-71.0,42.36666667,FP_00042
-95.33333333,29.98333333,FP_00043
-93.1,30.13333333,FP_00043
-88.48333333,31.1,FP_00043
-77.01666667,36.71666667,FP_00043
-75.51666667,38.35,FP_00043
-75.11666667,39.3,FP_00043
-73.53333333,40.8,FP_00043
-72.9,41.23333333,FP_00043
-71.11666667,41.85,FP_00043
-71.0,42.36666667,FP_00043
-95.33333333,29.98333333,FP_00044
-93.1,30.13333333,FP_00044
-91.3,30.48333333,FP_00044
-89.6,31.28333333,FP_00044
-88.8,32.38333333,FP_00044
-85.16666667,38.7,FP_00044
-84.05,40.28333333,FP_00044
-79.11666667,42.18333333,FP_00044
-73.8,42.75,FP_00044
-71.03333333,42.45,FP_00044
-70.95,42.26666667,FP_00044
-71.0,42.36666667,FP_00044
-95.33333333,29.98333333,FP_00045
-95.96666667,31.11666667,FP_00045
-96.21666667,32.18333333,FP_00045
-96.23333333,33.53333333,FP_00045
-95.78333333,36.2,FP_00045
-94.48333333,38.26666667,FP_00045
-92.6,40.13333333,FP_00045
-90.63333333,41.31666667,FP_00045
-88.31666667,41.55,FP_00045
-86.11666667,42.15,FP_00045
-83.6,42.41666667,FP_00045
-79.11666667,42.18333333,FP_00045
-73.8,42.75,FP_00045
-70.96666667,42.43333333,FP_00045
-71.0,42.36666667,FP_00045
-95.33333333,29.98333333,FP_00046
-93.1,30.13333333,FP_00046
-88.48333333,31.1,FP_00046
-82.15,34.25,FP_00046
-77.83333333,37.53333333,FP_00046
-76.4,38.28333333,FP_00046
-75.51666667,38.35,FP_00046
-75.11666667,39.3,FP_00046
-73.53333333,40.8,FP_00046
-72.9,41.23333333,FP_00046
-71.11666667,41.85,FP_00046
-71.0,42.36666667,FP_00046
-95.33333333,29.98333333,FP_00047
-93.1,30.13333333,FP_00047
-91.3,30.48333333,FP_00047
-83.9,35.9,FP_00047
-79.1,37.9,FP_00047
-78.15,38.01666667,FP_00047
-76.06666667,39.05,FP_00047
-74.11666667,40.55,FP_00047
-73.76666667,40.63333333,FP_00047
-72.9,41.23333333,FP_00047
-71.11666667,41.85,FP_00047
-71.0,42.36666667,FP_00047
-95.33333333,29.98333333,FP_00048
-94.65,31.25,FP_00048
-92.18333333,34.68333333,FP_00048
-87.76666667,37.93333333,FP_00048
-83.61666667,40.53333333,FP_00048
-82.16666667,41.35,FP_00048
-79.11666667,42.18333333,FP_00048
-73.8,42.75,FP_00048
-71.0,42.36666667,FP_00048
-95.33333333,29.98333333,FP_00049
-95.96666667,31.11666667,FP_00049
-96.21666667,32.18333333,FP_00049
-96.23333333,33.53333333,FP_00049
-95.78333333,36.2,FP_00049
-89.68333333,39.83333333,FP_00049
-87.06666667,40.55,FP_00049
-83.45,42.05,FP_00049
-78.65,42.93333333,FP_00049
-73.8,42.75,FP_00049
-71.03333333,42.45,FP_00049
-70.95,42.26666667,FP_00049
-71.0,42.36666667,FP_00049
-95.33333333,29.98333333,FP_00050
-94.65,31.25,FP_00050
-92.18333333,34.68333333,FP_00050
-89.8,40.68333333,FP_00050
-83.45,42.05,FP_00050
-78.65,42.93333333,FP_00050
-73.8,42.75,FP_00050
-71.03333333,42.45,FP_00050
-70.95,42.26666667,FP_00050
-71.0,42.36666667,FP_00050
-95.33333333,29.98333333,FP_00051
-94.65,31.25,FP_00051
-92.18333333,34.68333333,FP_00051
-89.56666667,37.23333333,FP_00051
-86.36666667,39.81666667,FP_00051
-85.18333333,40.98333333,FP_00051
-83.45,42.05,FP_00051
-78.65,42.93333333,FP_00051
-73.8,42.75,FP_00051
-71.03333333,42.45,FP_00051
-70.95,42.26666667,FP_00051
-71.0,42.36666667,FP_00051
-95.33333333,29.98333333,FP_00052
-92.75,33.25,FP_00052
-89.98333333,35.01666667,FP_00052
-85.16666667,36.58333333,FP_00052
-81.11666667,37.78333333,FP_00052
-78.15,38.01666667,FP_00052
-76.06666667,39.05,FP_00052
-74.11666667,40.55,FP_00052
-73.76666667,40.63333333,FP_00052
-72.9,41.23333333,FP_00052
-71.11666667,41.85,FP_00052
-71.0,42.36666667,FP_00052
-95.33333333,29.98333333,FP_00053
-92.75,33.25,FP_00053
-88.9,34.63333333,FP_00053
-86.68333333,36.13333333,FP_00053
-82.03333333,38.75,FP_00053
-79.86666667,39.55,FP_00053
-76.76666667,41.33333333,FP_00053
-73.8,42.75,FP_00053
-70.96666667,42.43333333,FP_00053
-71.0,42.36666667,FP_00053
-95.33333333,29.98333333,FP_00054
-92.75,33.25,FP_00054
-89.98333333,35.01666667,FP_00054
-86.68333333,36.13333333,FP_00054
-81.76666667,38.35,FP_00054
-80.81666667,40.01666667,FP_00054
-78.65,42.93333333,FP_00054
-73.8,42.75,FP_00054
-71.03333333,42.45,FP_00054
-70.95,42.26666667,FP_00054
-71.0,42.36666667,FP_00054
-95.33333333,29.98333333,FP_00055
-94.65,31.25,FP_00055
-92.18333333,34.68333333,FP_00055
-86.45,36.93333333,FP_00055
-81.11666667,37.78333333,FP_00055
-78.15,38.01666667,FP_00055
-76.06666667,39.05,FP_00055
-74.11666667,40.55,FP_00055
-73.76666667,40.63333333,FP_00055
-72.9,41.23333333,FP_00055
-71.11666667,41.85,FP_00055
-71.0,42.36666667,FP_00055
-95.33333333,29.98333333,FP_00056
-93.1,30.13333333,FP_00056
-91.3,30.48333333,FP_00056
-90.46666667,31.18333333,FP_00056
-86.31666667,32.21666667,FP_00056
-83.31666667,33.95,FP_00056
-81.93333333,35.03333333,FP_00056
-76.4,38.28333333,FP_00056
-75.51666667,38.35,FP_00056
-75.11666667,39.3,FP_00056
-73.53333333,40.8,FP_00056
-72.9,41.23333333,FP_00056
-71.11666667,41.85,FP_00056
-71.0,42.36666667,FP_00056
-95.33333333,29.98333333,FP_00057
-90.95,30.11666667,FP_00057
-88.36666667,30.73333333,FP_00057
-84.16666667,33.63333333,FP_00057
-81.93333333,35.03333333,FP_00057
-78.78333333,35.86666667,FP_00057
-77.01666667,36.71666667,FP_00057
-75.51666667,38.35,FP_00057
-75.11666667,39.3,FP_00057
-73.53333333,40.8,FP_00057
-72.9,41.23333333,FP_00057
-71.11666667,41.85,FP_00057
-71.0,42.36666667,FP_00057
-95.33333333,29.98333333,FP_00058
-92.75,33.25,FP_00058
-89.98333333,35.01666667,FP_00058
-84.05,36.95,FP_00058
-81.11666667,37.78333333,FP_00058
-78.15,38.01666667,FP_00058
-76.06666667,39.05,FP_00058
-74.11666667,40.55,FP_00058
-73.76666667,40.63333333,FP_00058
-72.9,41.23333333,FP_00058
-71.11666667,41.85,FP_00058
-71.0,42.36666667,FP_00058
-95.33333333,29.98333333,FP_00059
-93.1,30.13333333,FP_00059
-91.3,30.48333333,FP_00059
-83.9,35.9,FP_00059
-81.76666667,38.35,FP_00059
-78.0,40.91666667,FP_00059
-73.8,42.75,FP_00059
-70.96666667,42.43333333,FP_00059
-71.0,42.36666667,FP_00059
-95.33333333,29.98333333,FP_00060
-93.1,30.13333333,FP_00060
-91.3,30.48333333,FP_00060
-90.46666667,31.18333333,FP_00060
-83.31666667,33.95,FP_00060
-82.15,34.25,FP_00060
-77.01666667,36.71666667,FP_00060
-75.51666667,38.35,FP_00060
-75.11666667,39.3,FP_00060
-73.53333333,40.8,FP_00060
-72.9,41.23333333,FP_00060
-71.11666667,41.85,FP_00060
-71.0,42.36666667,FP_00060
-95.33333333,29.98333333,FP_00061
-90.95,30.11666667,FP_00061
-88.36666667,30.73333333,FP_00061
-86.31666667,32.21666667,FP_00061
-81.05,33.85,FP_00061
-78.78333333,35.86666667,FP_00061
-77.01666667,36.71666667,FP_00061
-75.51666667,38.35,FP_00061
-75.11666667,39.3,FP_00061
-73.53333333,40.8,FP_00061
-72.9,41.23333333,FP_00061
-71.11666667,41.85,FP_00061
-71.0,42.36666667,FP_00061
-95.33333333,29.98333333,FP_00062
-95.96666667,31.11666667,FP_00062
-96.21666667,32.18333333,FP_00062
-96.23333333,33.53333333,FP_00062
-98.0,35.8,FP_00062
-94.48333333,38.26666667,FP_00062
-92.6,40.13333333,FP_00062
-90.63333333,41.31666667,FP_00062
-88.31666667,41.55,FP_00062
-86.11666667,42.15,FP_00062
-83.6,42.41666667,FP_00062
-79.11666667,42.18333333,FP_00062
-73.8,42.75,FP_00062
-71.03333333,42.45,FP_00062
-70.95,42.26666667,FP_00062
-71.0,42.36666667,FP_00062
-95.33333333,29.98333333,FP_00063
-92.75,33.25,FP_00063
-89.98333333,35.01666667,FP_00063
-84.05,36.95,FP_00063
-81.11666667,37.78333333,FP_00063
-78.15,38.01666667,FP_00063
-76.06666667,39.05,FP_00063
-74.11666667,40.55,FP_00063
-73.76666667,40.63333333,FP_00063
-72.9,41.23333333,FP_00063
-71.11666667,41.85,FP_00063
-71.0,42.36666667,FP_00063
-95.33333333,29.98333333,FP_00064
-93.18333333,32.7,FP_00064
-92.03333333,32.51666667,FP_00064
-86.31666667,32.21666667,FP_00064
-84.16666667,33.65,FP_00064
-82.15,34.25,FP_00064
-77.01666667,36.71666667,FP_00064
-75.51666667,38.35,FP_00064
-75.11666667,39.3,FP_00064
-73.53333333,40.8,FP_00064
-72.9,41.23333333,FP_00064
-71.11666667,41.85,FP_00064
-71.0,42.36666667,FP_00064
-95.33333333,29.98333333,FP_00065
-90.95,30.11666667,FP_00065
-88.36666667,30.73333333,FP_00065
-86.31666667,32.21666667,FP_00065
-83.31666667,33.95,FP_00065
-77.01666667,36.71666667,FP_00065
-75.51666667,38.35,FP_00065
-75.11666667,39.3,FP_00065
-73.53333333,40.8,FP_00065
-72.9,41.23333333,FP_00065
-71.11666667,41.85,FP_00065
-71.0,42.36666667,FP_00065
-95.33333333,29.98333333,FP_00066
-94.65,31.25,FP_00066
-90.23333333,37.66666667,FP_00066
-86.36666667,39.81666667,FP_00066
-82.16666667,41.35,FP_00066
-79.11666667,42.18333333,FP_00066
-73.8,42.75,FP_00066
-71.03333333,42.45,FP_00066
-70.95,42.26666667,FP_00066
-71.0,42.36666667,FP_00066
-95.33333333,29.98333333,FP_00067
-90.95,30.11666667,FP_00067
-88.36666667,30.73333333,FP_00067
-86.31666667,32.21666667,FP_00067
-83.31666667,33.95,FP_00067
-82.15,34.25,FP_00067
-81.93333333,35.03333333,FP_00067
-78.78333333,35.86666667,FP_00067
-77.01666667,36.71666667,FP_00067
-75.51666667,38.35,FP_00067
-75.11666667,39.3,FP_00067
-73.53333333,40.8,FP_00067
-72.9,41.23333333,FP_00067
-71.11666667,41.85,FP_00067
-71.0,42.36666667,FP_00067
-95.33333333,29.98333333,FP_00068
-94.41666667,31.18333333,FP_00068
-92.5,31.25,FP_00068
-85.58333333,38.1,FP_00068
-84.31666667,38.65,FP_00068
-80.21666667,40.81666667,FP_00068
-78.65,42.93333333,FP_00068
-73.8,42.75,FP_00068
-71.03333333,42.45,FP_00068
-70.95,42.26666667,FP_00068
-71.0,42.36666667,FP_00068
-95.33333333,29.98333333,FP_00069
-90.95,30.11666667,FP_00069
-88.36666667,30.73333333,FP_00069
-86.31666667,32.21666667,FP_00069
-77.01666667,36.71666667,FP_00069
-75.51666667,38.35,FP_00069
-75.11666667,39.3,FP_00069
-73.53333333,40.8,FP_00069
-72.9,41.23333333,FP_00069
-71.11666667,41.85,FP_00069
-71.0,42.36666667,FP_00069
-95.33333333,29.98333333,FP_00070
-93.1,30.13333333,FP_00070
-91.3,30.48333333,FP_00070
-86.9,33.66666667,FP_00070
-83.9,35.9,FP_00070
-81.76666667,38.35,FP_00070
-78.0,40.91666667,FP_00070
-73.8,42.75,FP_00070
-70.96666667,42.43333333,FP_00070
-71.0,42.36666667,FP_00070
-95.33333333,29.98333333,FP_00071
-93.1,30.13333333,FP_00071
-88.48333333,31.1,FP_00071
-83.31666667,33.95,FP_00071
-81.93333333,35.03333333,FP_00071
-79.01666667,36.68333333,FP_00071
-77.83333333,37.53333333,FP_00071
-76.4,38.28333333,FP_00071
-75.51666667,38.35,FP_00071
-75.11666667,39.3,FP_00071
-73.53333333,40.8,FP_00071
-72.9,41.23333333,FP_00071
-71.11666667,41.85,FP_00071
-71.0,42.36666667,FP_00071
-95.33333333,29.98333333,FP_00072
-93.1,30.13333333,FP_00072
-88.48333333,31.1,FP_00072
-86.31666667,32.21666667,FP_00072
-79.65,34.23333333,FP_00072
-76.2,36.9,FP_00072
-75.11666667,39.3,FP_00072
-73.53333333,40.8,FP_00072
-72.9,41.23333333,FP_00072
-71.11666667,41.85,FP_00072
-71.0,42.36666667,FP_00072
-95.33333333,29.98333333,FP_00073
-94.65,31.25,FP_00073
-92.18333333,34.68333333,FP_00073
-90.48333333,38.86666667,FP_00073
-85.18333333,40.98333333,FP_00073
-83.45,42.05,FP_00073
-78.65,42.93333333,FP_00073
-73.8,42.75,FP_00073
-71.03333333,42.45,FP_00073
-70.95,42.26666667,FP_00073
-71.0,42.36666667,FP_00073
-95.33333333,29.98333333,FP_00074
-95.96666667,31.11666667,FP_00074
-96.21666667,32.18333333,FP_00074
-96.23333333,33.53333333,FP_00074
-95.78333333,36.2,FP_00074
-93.33333333,37.35,FP_00074
-87.76666667,37.93333333,FP_00074
-83.61666667,40.53333333,FP_00074
-82.16666667,41.35,FP_00074
-79.11666667,42.18333333,FP_00074
-73.8,42.75,FP_00074
-71.03333333,42.45,FP_00074
-70.95,42.26666667,FP_00074
-71.0,42.36666667,FP_00074
-95.33333333,29.98333333,FP_00075
-93.1,30.13333333,FP_00075
-91.3,30.48333333,FP_00075
-87.56666667,33.23333333,FP_00075
-83.9,35.9,FP_00075
-83.43333333,36.63333333,FP_00075
-81.76666667,38.35,FP_00075
-78.83333333,40.31666667,FP_00075
-73.8,42.75,FP_00075
-70.96666667,42.43333333,FP_00075
-71.0,42.36666667,FP_00075
-95.33333333,29.98333333,FP_00076
-92.75,33.25,FP_00076
-86.9,33.66666667,FP_00076
-83.9,35.9,FP_00076
-81.11666667,37.78333333,FP_00076
-75.6,39.68333333,FP_00076
-74.5,40.2,FP_00076
-74.11666667,40.55,FP_00076
-73.76666667,40.63333333,FP_00076
-72.9,41.23333333,FP_00076
-71.11666667,41.85,FP_00076
-71.0,42.36666667,FP_00076
-95.33333333,29.98333333,FP_00077
-93.16666667,32.73333333,FP_00077
-92.03333333,32.51666667,FP_00077
-90.16666667,32.5,FP_00077
-87.76666667,37.93333333,FP_00077
-83.61666667,40.53333333,FP_00077
-82.16666667,41.35,FP_00077
-79.11666667,42.18333333,FP_00077
-73.8,42.75,FP_00077
-71.03333333,42.45,FP_00077
-70.95,42.26666667,FP_00077
-71.0,42.36666667,FP_00077
-95.33333333,29.98333333,FP_00078
-92.75,33.25,FP_00078
-88.9,34.63333333,FP_00078
-86.68333333,36.13333333,FP_00078
-81.11666667,37.78333333,FP_00078
-78.15,38.01666667,FP_00078
-76.06666667,39.05,FP_00078
-74.11666667,40.55,FP_00078
-73.76666667,40.63333333,FP_00078
-72.9,41.23333333,FP_00078
-71.11666667,41.85,FP_00078
-71.0,42.36666667,FP_00078
-95.33333333,29.98333333,FP_00079
-94.35,29.0,FP_00079
-91.23333333,28.98333333,FP_00079
-90.1,29.18333333,FP_00079
-88.36666667,30.73333333,FP_00079
-86.9,33.66666667,FP_00079
-83.9,35.9,FP_00079
-81.11666667,37.78333333,FP_00079
-78.15,38.01666667,FP_00079
-76.06666667,39.05,FP_00079
-74.11666667,40.55,FP_00079
-73.76666667,40.63333333,FP_00079
-72.9,41.23333333,FP_00079
-71.11666667,41.85,FP_00079
-71.0,42.36666667,FP_00079
-95.33333333,29.98333333,FP_00080
-92.75,33.25,FP_00080
-89.98333333,35.01666667,FP_00080
-86.45,36.93333333,FP_00080
-82.03333333,38.75,FP_00080
-77.43333333,41.16666667,FP_00080
-73.8,42.75,FP_00080
-71.03333333,42.45,FP_00080
-70.95,42.26666667,FP_00080
-71.0,42.36666667,FP_00080
-95.33333333,29.98333333,FP_00081
-93.1,30.13333333,FP_00081
-91.3,30.48333333,FP_00081
-90.46666667,31.18333333,FP_00081
-89.98333333,35.01666667,FP_00081
-87.76666667,37.93333333,FP_00081
-83.61666667,40.53333333,FP_00081
-82.16666667,41.35,FP_00081
-79.11666667,42.18333333,FP_00081
-73.8,42.75,FP_00081
-71.03333333,42.45,FP_00081
-70.95,42.26666667,FP_00081
-71.0,42.36666667,FP_00081
-95.33333333,29.98333333,FP_00082
-90.95,30.11666667,FP_00082
-88.36666667,30.73333333,FP_00082
-86.31666667,32.21666667,FP_00082
-83.31666667,33.95,FP_00082
-82.15,34.25,FP_00082
-78.78333333,35.86666667,FP_00082
-77.31666667,37.5,FP_00082
-76.65,37.96666667,FP_00082
-76.4,38.28333333,FP_00082
-75.51666667,38.35,FP_00082
-75.11666667,39.3,FP_00082
-73.53333333,40.8,FP_00082
-72.9,41.23333333,FP_00082
-71.11666667,41.85,FP_00082
-71.0,42.36666667,FP_00082
-95.33333333,29.98333333,FP_00083
-90.95,30.11666667,FP_00083
-88.36666667,30.73333333,FP_00083
-86.31666667,32.21666667,FP_00083
-86.9,33.66666667,FP_00083
-84.43333333,33.63333333,FP_00083
-82.15,34.25,FP_00083
-77.01666667,36.71666667,FP_00083
-75.51666667,38.35,FP_00083
-75.11666667,39.3,FP_00083
-73.53333333,40.8,FP_00083
-72.9,41.23333333,FP_00083
-71.11666667,41.85,FP_00083
-71.0,42.36666667,FP_00083
-95.33333333,29.98333333,FP_00084
-93.1,30.13333333,FP_00084
-88.48333333,31.1,FP_00084
-86.31666667,32.21666667,FP_00084
-77.83333333,37.53333333,FP_00084
-76.4,38.28333333,FP_00084
-75.51666667,38.35,FP_00084
-75.11666667,39.3,FP_00084
-73.53333333,40.8,FP_00084
-72.9,41.23333333,FP_00084
-71.11666667,41.85,FP_00084
-71.0,42.36666667,FP_00084
-95.33333333,29.98333333,FP_00085
-93.1,30.13333333,FP_00085
-88.48333333,31.1,FP_00085
-80.95,35.18333333,FP_00085
-78.78333333,35.86666667,FP_00085
-77.01666667,36.71666667,FP_00085
-75.51666667,38.35,FP_00085
-75.11666667,39.3,FP_00085
-73.53333333,40.8,FP_00085
-72.9,41.23333333,FP_00085
-71.11666667,41.85,FP_00085
-71.0,42.36666667,FP_00085
-95.33333333,29.98333333,FP_00086
-96.38333333,32.18333333,FP_00086
-97.18333333,32.88333333,FP_00086
-95.78333333,34.85,FP_00086
-94.11666667,36.25,FP_00086
-90.23333333,37.66666667,FP_00086
-86.36666667,39.81666667,FP_00086
-84.05,40.28333333,FP_00086
-82.16666667,41.35,FP_00086
-79.11666667,42.18333333,FP_00086
-73.8,42.75,FP_00086
-71.03333333,42.45,FP_00086
-70.95,42.26666667,FP_00086
-71.0,42.36666667,FP_00086
-95.33333333,29.98333333,FP_00087
-96.38333333,32.18333333,FP_00087
-97.18333333,32.88333333,FP_00087
-87.08333333,38.36666667,FP_00087
-82.55,41.13333333,FP_00087
-82.16666667,41.35,FP_00087
-79.11666667,42.18333333,FP_00087
-73.8,42.75,FP_00087
-71.03333333,42.45,FP_00087
-70.95,42.26666667,FP_00087
-71.0,42.36666667,FP_00087
-95.33333333,29.98333333,FP_00088
-90.95,30.11666667,FP_00088
-88.36666667,30.73333333,FP_00088
-87.58333333,31.3,FP_00088
-83.65,32.68333333,FP_00088
-81.93333333,35.03333333,FP_00088
-79.01666667,36.68333333,FP_00088
-77.31666667,37.5,FP_00088
-76.71666667,37.45,FP_00088
-75.51666667,38.35,FP_00088
-75.11666667,39.3,FP_00088
-73.53333333,40.8,FP_00088
-72.9,41.23333333,FP_00088
-71.11666667,41.85,FP_00088
-71.0,42.36666667,FP_00088
-95.33333333,29.98333333,FP_00089
-95.96666667,31.11666667,FP_00089
-96.21666667,32.18333333,FP_00089
-96.23333333,33.53333333,FP_00089
-94.26666667,35.38333333,FP_00089
-87.76666667,37.93333333,FP_00089
-83.61666667,40.53333333,FP_00089
-82.16666667,41.35,FP_00089
-79.11666667,42.18333333,FP_00089
-73.8,42.75,FP_00089
-70.96666667,42.43333333,FP_00089
-71.0,42.36666667,FP_00089
-95.33333333,29.98333333,FP_00090
-93.1,30.13333333,FP_00090
-88.48333333,31.1,FP_00090
-83.31666667,33.95,FP_00090
-81.93333333,35.03333333,FP_00090
-76.4,38.28333333,FP_00090
-75.51666667,38.35,FP_00090
-75.11666667,39.3,FP_00090
-73.53333333,40.8,FP_00090
-72.9,41.23333333,FP_00090
-71.11666667,41.85,FP_00090
-71.0,42.36666667,FP_00090
-98.46666667,29.53333333,FP_00091
-96.7,29.6,FP_00091
-96.16666667,29.55,FP_00091
-95.33333333,29.98333333,FP_00091
-95.33333333,29.98333333,FP_00092
-94.65,31.25,FP_00092
-92.18333333,34.68333333,FP_00092
-87.76666667,37.93333333,FP_00092
-83.61666667,40.53333333,FP_00092
-82.16666667,41.35,FP_00092
-79.11666667,42.18333333,FP_00092
-73.8,42.75,FP_00092
-71.03333333,42.45,FP_00092
-70.95,42.26666667,FP_00092
-71.0,42.36666667,FP_00092
-95.33333333,29.98333333,FP_00093
-92.75,33.25,FP_00093
-89.98333333,35.01666667,FP_00093
-84.05,36.95,FP_00093
-81.11666667,37.78333333,FP_00093
-78.15,38.01666667,FP_00093
-76.06666667,39.05,FP_00093
-74.11666667,40.55,FP_00093
-71.78333333,40.88333333,FP_00093
-70.56666667,41.16666667,FP_00093
-70.03333333,42.01666667,FP_00093
-70.1,42.65,FP_00093
-71.0,42.36666667,FP_00093
-95.33333333,29.98333333,FP_00094
-93.1,30.13333333,FP_00094
-91.3,30.48333333,FP_00094
-89.6,31.28333333,FP_00094
-88.8,32.38333333,FP_00094
-86.95,33.23333333,FP_00094
-84.43333333,33.63333333,FP_00094
-82.15,34.25,FP_00094
-77.01666667,36.71666667,FP_00094
-75.51666667,38.35,FP_00094
-75.11666667,39.3,FP_00094
-73.53333333,40.8,FP_00094
-72.9,41.23333333,FP_00094
-71.11666667,41.85,FP_00094
-71.0,42.36666667,FP_00094
-95.33333333,29.98333333,FP_00095
-94.65,31.25,FP_00095
-92.18333333,34.68333333,FP_00095
-90.48333333,38.86666667,FP_00095
-88.73333333,40.81666667,FP_00095
-88.31666667,41.55,FP_00095
-83.45,42.05,FP_00095
-79.11666667,42.18333333,FP_00095
-73.8,42.75,FP_00095
-71.03333333,42.45,FP_00095
-70.95,42.26666667,FP_00095
-71.0,42.36666667,FP_00095
-95.33333333,29.98333333,FP_00096
-94.65,31.25,FP_00096
-92.18333333,34.68333333,FP_00096
-89.01666667,37.75,FP_00096
-86.36666667,39.81666667,FP_00096
-82.16666667,41.35,FP_00096
-79.11666667,42.18333333,FP_00096
-73.8,42.75,FP_00096
-71.03333333,42.45,FP_00096
-70.95,42.26666667,FP_00096
-71.0,42.36666667,FP_00096
-95.33333333,29.98333333,FP_00097
-95.96666667,31.11666667,FP_00097
-96.21666667,32.18333333,FP_00097
-96.23333333,33.53333333,FP_00097
-94.26666667,35.38333333,FP_00097
-90.23333333,37.66666667,FP_00097
-83.45,42.05,FP_00097
-78.65,42.93333333,FP_00097
-73.8,42.75,FP_00097
-71.03333333,42.45,FP_00097
-70.95,42.26666667,FP_00097
-71.0,42.36666667,FP_00097
-95.33333333,29.98333333,FP_00098
-90.95,30.11666667,FP_00098
-88.36666667,30.73333333,FP_00098
-78.15,38.01666667,FP_00098
-76.06666667,39.05,FP_00098
-74.11666667,40.55,FP_00098
-73.76666667,40.63333333,FP_00098
-72.9,41.23333333,FP_00098
-71.11666667,41.85,FP_00098
-71.0,42.36666667,FP_00098
-95.33333333,29.98333333,FP_00099
-92.75,33.25,FP_00099
-89.98333333,35.01666667,FP_00099
-84.05,36.95,FP_00099
-82.13333333,37.5,FP_00099
-81.76666667,38.35,FP_00099
-78.0,40.91666667,FP_00099
-73.8,42.75,FP_00099
-71.03333333,42.45,FP_00099
-70.95,42.26666667,FP_00099
-71.0,42.36666667,FP_00099
-95.33333333,29.98333333,FP_00100
-92.75,33.25,FP_00100
-89.98333333,35.01666667,FP_00100
-84.05,36.95,FP_00100
-81.11666667,37.78333333,FP_00100
-78.15,38.01666667,FP_00100
-76.06666667,39.05,FP_00100
-74.11666667,40.55,FP_00100
-71.78333333,40.88333333,FP_00100
-70.56666667,41.16666667,FP_00100
-70.03333333,42.01666667,FP_00100
-70.1,42.65,FP_00100
-71.0,42.36666667,FP_00100
-95.33333333,29.98333333,FP_00101
-92.75,33.25,FP_00101
-74.5,40.2,FP_00101
-74.11666667,40.55,FP_00101
-73.76666667,40.63333333,FP_00101
-72.9,41.23333333,FP_00101
-71.11666667,41.85,FP_00101
-71.0,42.36666667,FP_00101
-95.33333333,29.98333333,FP_00102
-93.1,30.13333333,FP_00102
-91.3,30.48333333,FP_00102
-86.31666667,32.21666667,FP_00102
-78.15,38.01666667,FP_00102
-76.06666667,39.05,FP_00102
-74.11666667,40.55,FP_00102
-73.76666667,40.63333333,FP_00102
-72.9,41.23333333,FP_00102
-71.11666667,41.85,FP_00102
-71.0,42.36666667,FP_00102
-95.33333333,29.98333333,FP_00103
-92.75,33.25,FP_00103
-89.98333333,35.01666667,FP_00103
-87.76666667,37.93333333,FP_00103
-83.61666667,40.53333333,FP_00103
-82.16666667,41.35,FP_00103
-79.11666667,42.18333333,FP_00103
-73.8,42.75,FP_00103
-70.96666667,42.43333333,FP_00103
-71.0,42.36666667,FP_00103
-95.33333333,29.98333333,FP_00104
-94.65,31.25,FP_00104
-92.18333333,34.68333333,FP_00104
-87.76666667,37.93333333,FP_00104
-83.61666667,40.53333333,FP_00104
-82.16666667,41.35,FP_00104
-79.11666667,42.18333333,FP_00104
-73.8,42.75,FP_00104
-70.96666667,42.43333333,FP_00104
-71.0,42.36666667,FP_00104
-95.33333333,29.98333333,FP_00105
-93.1,30.13333333,FP_00105
-88.48333333,31.1,FP_00105
-86.31666667,32.21666667,FP_00105
-84.43333333,33.63333333,FP_00105
-79.98333333,36.05,FP_00105
-77.83333333,37.53333333,FP_00105
-76.4,38.28333333,FP_00105
-75.51666667,38.35,FP_00105
-75.11666667,39.3,FP_00105
-73.53333333,40.8,FP_00105
-72.9,41.23333333,FP_00105
-71.11666667,41.85,FP_00105
-71.0,42.36666667,FP_00105
-95.33333333,29.98333333,FP_00106
-93.1,30.13333333,FP_00106
-86.31666667,32.21666667,FP_00106
-77.01666667,36.71666667,FP_00106
-75.51666667,38.35,FP_00106
-75.11666667,39.3,FP_00106
-73.53333333,40.8,FP_00106
-72.9,41.23333333,FP_00106
-71.11666667,41.85,FP_00106
-71.0,42.36666667,FP_00106
-95.33333333,29.98333333,FP_00107
-92.75,33.25,FP_00107
-90.28333333,34.13333333,FP_00107
-83.9,35.9,FP_00107
-77.36666667,38.4,FP_00107
-76.06666667,39.05,FP_00107
-74.11666667,40.55,FP_00107
-73.76666667,40.63333333,FP_00107
-72.9,41.23333333,FP_00107
-71.11666667,41.85,FP_00107
-71.0,42.36666667,FP_00107
-95.33333333,29.98333333,FP_00108
-93.16666667,32.73333333,FP_00108
-92.03333333,32.51666667,FP_00108
-88.8,32.38333333,FP_00108
-86.31666667,32.21666667,FP_00108
-84.16666667,33.65,FP_00108
-82.15,34.25,FP_00108
-77.01666667,36.71666667,FP_00108
-75.51666667,38.35,FP_00108
-75.11666667,39.3,FP_00108
-73.53333333,40.8,FP_00108
-72.9,41.23333333,FP_00108
-71.11666667,41.85,FP_00108
-71.0,42.36666667,FP_00108
-95.33333333,29.98333333,FP_00109
-94.65,31.25,FP_00109
-92.18333333,34.68333333,FP_00109
-90.48333333,38.86666667,FP_00109
-84.05,40.28333333,FP_00109
-82.16666667,41.35,FP_00109
-79.11666667,42.18333333,FP_00109
-73.8,42.75,FP_00109
-71.03333333,42.45,FP_00109
-70.95,42.26666667,FP_00109
-71.0,42.36666667,FP_00109
-95.33333333,29.98333333,FP_00110
-95.96666667,31.11666667,FP_00110
-96.21666667,32.18333333,FP_00110
-95.36666667,32.88333333,FP_00110
-92.55,34.1,FP_00110
-85.18333333,36.61666667,FP_00110
-81.11666667,37.78333333,FP_00110
-78.15,38.01666667,FP_00110
-76.06666667,39.05,FP_00110
-74.11666667,40.55,FP_00110
-73.76666667,40.63333333,FP_00110
-72.9,41.23333333,FP_00110
-71.11666667,41.85,FP_00110
-71.0,42.36666667,FP_00110
-95.33333333,29.98333333,FP_00111
-94.41666667,31.18333333,FP_00111
-92.5,31.25,FP_00111
-88.8,32.38333333,FP_00111
-88.51666667,33.48333333,FP_00111
-86.68333333,36.13333333,FP_00111
-86.45,36.93333333,FP_00111
-84.31666667,38.65,FP_00111
-80.21666667,40.81666667,FP_00111
-78.65,42.93333333,FP_00111
-73.8,42.75,FP_00111
-71.03333333,42.45,FP_00111
-70.95,42.26666667,FP_00111
-71.0,42.36666667,FP_00111
-95.33333333,29.98333333,FP_00112
-93.1,30.13333333,FP_00112
-88.48333333,31.1,FP_00112
-83.31666667,33.95,FP_00112
-83.3,34.7,FP_00112
-79.1,37.9,FP_00112
-78.15,38.01666667,FP_00112
-76.06666667,39.05,FP_00112
-74.11666667,40.55,FP_00112
-73.76666667,40.63333333,FP_00112
-72.9,41.23333333,FP_00112
-71.11666667,41.85,FP_00112
-71.0,42.36666667,FP_00112
-95.33333333,29.98333333,FP_00113
-95.96666667,31.11666667,FP_00113
-96.21666667,32.18333333,FP_00113
-96.23333333,33.53333333,FP_00113
-95.78333333,34.85,FP_00113
-94.11666667,36.25,FP_00113
-90.48333333,38.86666667,FP_00113
-84.05,40.28333333,FP_00113
-82.16666667,41.35,FP_00113
-79.11666667,42.18333333,FP_00113
-73.8,42.75,FP_00113
-71.03333333,42.45,FP_00113
-70.95,42.26666667,FP_00113
-71.0,42.36666667,FP_00113
-95.33333333,29.98333333,FP_00114
-94.65,31.25,FP_00114
-92.18333333,34.68333333,FP_00114
-89.68333333,39.83333333,FP_00114
-85.55,42.23333333,FP_00114
-79.11666667,42.18333333,FP_00114
-73.8,42.75,FP_00114
-71.03333333,42.45,FP_00114
-70.95,42.26666667,FP_00114
-71.0,42.36666667,FP_00114
-95.33333333,29.98333333,FP_00115
-93.1,30.13333333,FP_00115
-91.3,30.48333333,FP_00115
-87.56666667,33.23333333,FP_00115
-83.9,35.9,FP_00115
-80.71666667,37.08333333,FP_00115
-79.1,37.9,FP_00115
-78.15,38.01666667,FP_00115
-76.06666667,39.05,FP_00115
-74.11666667,40.55,FP_00115
-73.76666667,40.63333333,FP_00115
-72.9,41.23333333,FP_00115
-71.11666667,41.85,FP_00115
-71.0,42.36666667,FP_00115
-95.33333333,29.98333333,FP_00116
-94.65,31.25,FP_00116
-92.18333333,34.68333333,FP_00116
-85.58333333,38.1,FP_00116
-76.93333333,41.88333333,FP_00116
-75.23333333,42.46666667,FP_00116
-73.8,42.75,FP_00116
-71.03333333,42.45,FP_00116
-70.95,42.26666667,FP_00116
-71.0,42.36666667,FP_00116
-95.33333333,29.98333333,FP_00117
-93.1,30.13333333,FP_00117
-91.3,30.48333333,FP_00117
-86.9,33.66666667,FP_00117
-83.9,35.9,FP_00117
-79.1,37.9,FP_00117
-78.15,38.01666667,FP_00117
-76.06666667,39.05,FP_00117
-74.11666667,40.55,FP_00117
-73.76666667,40.63333333,FP_00117
-72.9,41.23333333,FP_00117
-71.11666667,41.85,FP_00117
-71.0,42.36666667,FP_00117
-95.33333333,29.98333333,FP_00118
-92.75,33.25,FP_00118
-86.68333333,36.13333333,FP_00118
-81.11666667,37.78333333,FP_00118
-78.15,38.01666667,FP_00118
-76.06666667,39.05,FP_00118
-74.11666667,40.55,FP_00118
-73.76666667,40.63333333,FP_00118
-72.9,41.23333333,FP_00118
-71.11666667,41.85,FP_00118
-71.0,42.36666667,FP_00118
